radio,mcc,net,area,cell,lat,lon,range,samples
GSM,724,2,41085,3523,-3.6382,-38.6372,1000,6
LTE,724,2,32112,35622925,-22.6729,-43.3859,939,46
LTE,724,2,32133,259101818,-22.9534,-42.6959,1000,1
LTE,724,2,32139,259133194,-22.7145,-43.7272,1114,45
LTE,724,2,32139,259133707,-22.8242,-43.6352,1000,8
LTE,724,2,32177,34873365,-22.9834,-43.2378,1000,1
LTE,724,2,32179,34882314,-22.8345,-43.3251,1000,6
LTE,724,2,32181,35178250,-22.9931,-43.274,1000,22
LTE,724,2,32181,35178775,-22.996,-43.2667,1000,4
LTE,724,2,32184,34916363,-22.8355,-43.6399,1000,2
LTE,724,2,32184,34988809,-22.7602,-43.4997,1000,1
LTE,724,2,32186,35244567,-22.8315,-43.2372,918,34
LTE,724,2,32190,34810901,-22.9764,-43.1936,1000,4
LTE,724,2,32196,34892290,-22.9742,-43.6358,1095,50
LTE,724,2,32197,35693079,-22.9264,-43.1719,1000,5
LTE,724,2,32451,38277850,-22.5325,-44.1957,1000,6
LTE,724,2,32451,38278410,-22.5128,-44.2129,1487,12
LTE,724,2,32453,38336277,-22.226,-43.1224,1180,46
LTE,724,2,33187,51548673,-19.6319,-43.964,1000,1
LTE,724,2,33252,53142542,-21.9023,-43.3115,1000,6
LTE,724,2,33408,54533389,-18.7782,-49.0771,1000,1
LTE,724,2,33452,54532365,-18.7098,-49.1408,1000,1
LTE,724,2,33461,55554830,-18.8683,-48.5931,1000,1
LTE,724,2,33596,56603658,-22.4322,-45.974,1000,1
LTE,724,2,33759,58379274,-20.1408,-44.8861,1000,4
LTE,724,2,33759,58414101,-20.1339,-44.8724,1000,9
LTE,724,2,37551,123154454,-12.2801,-38.9446,1000,1
LTE,724,2,37755,125500682,-14.6708,-40.4738,1000,1
LTE,724,2,37909,256187445,-11.3797,-37.6704,1000,1
LTE,724,2,38150,135695777,-8.0473,-34.9042,1000,1
LTE,724,2,38150,135733114,-8.079,-34.893,1000,3
LTE,724,2,38151,135674378,-8.0433,-34.8929,1000,3
LTE,724,2,38451,138757891,-5.7699,-35.2694,1000,4
LTE,724,2,38452,138762919,-5.8758,-35.2022,1000,6
LTE,724,2,38553,139856899,-3.7794,-38.5384,1000,1
LTE,724,2,38553,139883265,-3.7639,-38.5759,1000,10
LTE,724,2,38553,139888983,-3.8349,-38.5191,1000,8
LTE,724,2,38553,139894235,-3.8043,-38.5078,1000,17
LTE,724,2,38572,139867564,-3.7677,-38.546,1000,24
LTE,724,2,38712,260808450,-8.0918,-39.5715,1000,1
LTE,724,2,39270,153542670,-3.1714,-60.1034,1000,2
LTE,724,2,39851,159432201,-2.6434,-44.2726,1000,1
UMTS,724,2,50228,17812701,-20.6686,-40.6421,16369,7
GSM,724,3,1411,28963,-23.6157,-46.5562,2288,45
GSM,724,3,22019,35342,-21.655,-47.6083,1000,1
LTE,724,3,31105,17651843,-23.6794,-46.8243,1000,11
LTE,724,3,31110,18338762,-23.5447,-46.9352,1000,7
LTE,724,3,31110,18709634,-23.5192,-46.92,1000,1
LTE,724,3,31110,219235338,-23.4132,-47.348,1934,3
LTE,724,3,31111,235969801,-23.4941,-46.1502,1000,7
LTE,724,3,31114,219279371,-23.3184,-46.5845,1000,1
LTE,724,3,31114,219280405,-23.3552,-46.5484,1000,1
LTE,724,3,31117,18341378,-23.5874,-46.7511,1000,2
LTE,724,3,31120,18349322,-23.7254,-46.8068,1000,2
LTE,724,3,31120,18670466,-23.7382,-46.8969,1000,1
LTE,724,3,31121,235934485,-23.068,-46.5696,1000,1
LTE,724,3,31126,202404866,-23.563,-46.7172,500,36
LTE,724,3,31126,202405187,-23.5554,-46.7162,1000,6
LTE,724,3,31127,202403714,-23.524,-46.7379,1000,4
LTE,724,3,31133,168913601,-23.5203,-46.5561,1000,1
LTE,724,3,31133,185649882,-23.5429,-46.5902,1000,12
LTE,724,3,31136,18920725,-23.4641,-46.4801,1000,1
LTE,724,3,31136,219269131,-23.4753,-46.4761,1000,12
LTE,724,3,31138,168907543,-23.5281,-46.5331,1000,1
LTE,724,3,31139,185621707,-23.599,-46.5312,1000,8
LTE,724,3,31142,219257731,-23.4053,-46.5168,1000,1
LTE,724,3,31144,185635330,-23.6125,-46.5635,1000,15
LTE,724,3,31146,202392067,-23.5872,-46.6925,2452,11
LTE,724,3,31146,202493513,-23.5796,-46.705,5952,16
LTE,724,3,31146,202494338,-23.5675,-46.7021,1000,1
LTE,724,3,31147,202411907,-23.5099,-46.7199,1000,1
LTE,724,3,31148,185727043,-23.6248,-46.6967,1000,1
LTE,724,3,31148,219177794,-23.598,-46.6882,1000,1
LTE,724,3,31151,185682702,-23.6442,-46.7487,1000,8
LTE,724,3,31151,185720067,-23.6404,-46.7228,1000,2
LTE,724,3,31151,185722944,-23.6305,-46.7147,1000,10
LTE,724,3,31153,18072342,-23.9292,-47.0011,1000,1
LTE,724,3,31154,185664267,-23.6473,-46.64,1000,2
LTE,724,3,31159,16795091,-23.6689,-46.4612,1000,12
LTE,724,3,31159,18150155,-23.6832,-46.4603,1000,2
LTE,724,3,31159,18216214,-23.6589,-46.3946,1954,50
LTE,724,3,31159,18366987,-23.6587,-46.4789,534,30
LTE,724,3,31165,17321219,-23.519,-46.6171,1000,1
LTE,724,3,31165,202446912,-23.5183,-46.6458,1000,1
LTE,724,3,31165,202449282,-23.5266,-46.6411,1000,1
LTE,724,3,31168,202455359,-23.5398,-46.6211,1000,4
LTE,724,3,31172,236009229,-23.6258,-46.5444,1000,3
LTE,724,3,31179,219217679,-23.2261,-46.9037,1000,12
LTE,724,3,31179,219220235,-23.1964,-46.8715,1000,3
LTE,724,3,31179,219225986,-23.1652,-47.0041,1000,1
LTE,724,3,31179,219226891,-23.1727,-46.9389,1000,9
LTE,724,3,31183,17168329,-23.5149,-46.6725,1000,1
LTE,724,3,31183,168857292,-23.5119,-46.6768,1000,1
LTE,724,3,31183,202428682,-23.5294,-46.6765,1000,3
LTE,724,3,31184,235980554,-23.6083,-46.1542,1820,29
LTE,724,3,31195,19256343,-23.5456,-46.3756,1000,19
LTE,724,3,31195,168901902,-23.545,-46.406,1000,5
LTE,724,3,31197,18631435,-23.5192,-46.7769,1000,1
LTE,724,3,31254,18886274,-23.3296,-45.9263,1047,29
LTE,724,3,31294,19597186,-23.1777,-45.836,1000,11
LTE,724,3,31294,19599873,-23.1422,-45.7789,1000,1
LTE,724,3,31298,19513865,-23.0023,-45.504,2998,50
LTE,724,3,31350,19925761,-24.0343,-46.4963,1000,1
LTE,724,3,31350,19948419,-24.2018,-46.8469,1000,1
LTE,724,3,31350,20007182,-23.9496,-46.4587,1000,1
LTE,724,3,31350,20435647,-24.0349,-46.5151,1000,1
LTE,724,3,31351,20003081,-23.9625,-46.2921,1000,1
LTE,724,3,31351,20436099,-23.9493,-46.3766,1000,1
LTE,724,3,31399,20413453,-24.687,-47.992,1331,2
LTE,724,3,31608,19157370,-20.9401,-47.8765,1000,1
LTE,724,3,31697,19075074,-21.2685,-48.483,1000,1
LTE,724,3,31697,19507714,-21.5354,-48.5122,1000,1
LTE,724,3,31995,236530561,-22.9582,-47.1145,1000,1
LTE,724,3,31996,26222594,-22.8607,-47.1402,1000,1
LTE,724,3,31996,26681609,-22.9838,-47.103,1000,1
UMTS,724,3,50512,8112653,-23.2381,-45.8782,1988,33
UMTS,724,3,58511,73759545,-23.5473,-46.6124,1000,4
GSM,724,4,24145,35203,-25.5348,-54.5377,1000,1
GSM,724,4,24749,29443,-26.8637,-52.9733,1000,7
LTE,724,4,4262,256307735,-15.2305,-49.5549,1000,7
LTE,724,4,34164,68184450,-25.5422,-49.3154,1000,1
LTE,724,4,34164,68364666,-25.5608,-49.2699,1000,1
LTE,724,4,34179,68191235,-25.4517,-49.2548,1000,13
LTE,724,4,34179,68958977,-25.4913,-49.2421,1000,14
LTE,724,4,34224,69767949,-25.4609,-50.6456,1727,2
LTE,724,4,34251,258580037,-25.3755,-51.472,1000,1
LTE,724,4,34552,72361859,-25.2999,-54.1222,1000,1
LTE,724,4,34572,72423525,-24.9769,-53.4399,1000,2
LTE,724,4,34760,74779973,-27.056,-48.5981,1000,4
LTE,724,4,34760,74780803,-26.9783,-48.6368,1000,8
LTE,724,4,34768,74453269,-26.2463,-48.8779,1000,1
LTE,724,4,34768,74457111,-26.255,-48.8781,1000,1
LTE,724,4,34772,74546563,-26.8732,-48.6873,1000,1
LTE,724,4,34852,75509769,-27.6096,-48.5227,1000,3
LTE,724,4,34859,75532161,-28.4599,-48.9883,809,27
LTE,724,4,34859,76159106,-28.483,-49.0347,1080,19
LTE,724,4,34912,258708495,-27.2067,-52.562,1000,9
LTE,724,4,34971,76554369,-27.1725,-51.4978,1000,1
LTE,724,4,35150,85669903,-29.9878,-51.259,1000,11
LTE,724,4,35554,89166346,-28.3903,-53.9071,1000,1
LTE,724,4,35558,89866765,-30.344,-53.8358,1000,6
LTE,724,4,36173,31605891,-15.9862,-47.9878,1000,1
LTE,724,4,36175,102574849,-15.8224,-47.9072,1000,4
LTE,724,4,36176,101797898,-15.7968,-48.1919,1000,3
LTE,724,4,36176,102002187,-15.7614,-48.2386,1000,2
LTE,724,4,36178,101825803,-15.8218,-47.9248,1000,3
LTE,724,4,36178,102077709,-15.8213,-47.9185,1000,10
LTE,724,4,36178,102438591,-15.8117,-47.9895,1000,6
LTE,724,4,36213,103302159,-14.4076,-49.1571,1000,1
LTE,724,4,36214,103351823,-16.2835,-48.9417,1000,1
LTE,724,4,36270,102809099,-16.733,-49.2421,1000,1
LTE,724,4,36272,102816257,-16.6928,-49.2728,1000,1
LTE,724,4,36274,103249942,-15.2971,-49.4254,1000,1
LTE,724,4,36300,103824398,-11.6687,-49.0426,1000,1
LTE,724,4,36350,104333442,-10.2448,-48.316,1000,1
LTE,724,4,36403,105714959,-18.6118,-52.9675,1000,1
NR,724,4,34767,258614401,-26.3347,-48.8681,6657,49
UMTS,724,4,50242,27387315,-25.3887,-52.4141,1000,1
UMTS,724,4,54045,29763830,-25.5333,-54.5768,2979,25
UMTS,724,4,54045,29769325,-25.5447,-54.579,1000,5
UMTS,724,4,54045,262940827,-25.5415,-54.5281,1000,16
UMTS,724,4,54045,262940859,-25.5276,-54.5684,1000,2
UMTS,724,4,54245,29815067,-25.3226,-54.1687,2187,7
UMTS,724,4,64045,262940939,-25.5086,-54.5944,1000,6
GSM,724,5,1035,21076,-21.0,-44.9662,1000,1
GSM,724,5,1046,10407,-26.121,-53.0414,1316,28
GSM,724,5,1216,21402,-21.4442,-48.6439,2331,10
GSM,724,5,1547,20348,-26.9253,-48.696,1000,1
LTE,724,5,31605,230928691,-21.7955,-48.2774,1000,2
LTE,724,5,31605,258314775,-21.9308,-48.3281,1000,5
LTE,724,5,31899,25177614,-22.1115,-51.1601,1000,8
LTE,724,5,36213,103293710,-15.7686,-48.4817,9814,50
LTE,724,5,40041,105137693,-25.4268,-49.2632,1000,3
LTE,724,5,40085,218031384,-3.7668,-38.5597,1000,2
LTE,724,5,40127,69138688,-20.309,-40.3898,1000,1
LTE,724,5,40127,69230620,-20.2501,-40.286,1000,1
LTE,724,5,40134,87173150,-18.9185,-48.1847,1000,1
LTE,724,5,40134,87178617,-18.9049,-48.3276,1000,1
LTE,724,5,40183,212529922,-7.1188,-34.891,1141,17
LTE,724,5,40214,35852033,-22.3105,-49.1035,8208,50
LTE,724,5,40214,35858463,-22.437,-49.1386,1000,6
LTE,724,5,40214,35943950,-23.0992,-48.5044,1676,29
LTE,724,5,40214,36292874,-22.3374,-48.8824,500,27
LTE,724,5,40214,36629005,-22.4087,-49.135,1000,5
LTE,724,5,40216,41021469,-21.2435,-47.7926,1000,1
LTE,724,5,40217,43530754,-20.8244,-49.3856,1000,4
LTE,724,5,40234,87129886,-19.7543,-47.9649,1000,1
LTE,724,5,40248,122881028,-28.9536,-49.4953,1000,1
LTE,724,5,40271,181812224,-12.9253,-38.3773,1000,11
LTE,724,5,40316,40965377,-21.747,-48.2691,2563,42
LTE,724,5,40316,40965386,-21.7733,-48.2379,1544,26
LTE,724,5,40316,40976139,-21.3488,-48.3228,1000,6
LTE,724,5,40316,41152513,-22.0805,-48.4412,5244,29
LTE,724,5,40316,41871115,-21.1996,-48.1624,1161,25
LTE,724,5,40319,48985859,-22.9407,-47.0104,1000,1
LTE,724,5,40319,48986115,-22.8535,-47.1227,1325,14
LTE,724,5,40319,49065226,-22.9512,-47.0207,1000,1
LTE,724,5,40338,97349148,-16.7205,-43.861,1000,1
LTE,724,5,40383,212490574,-7.2736,-35.9246,1000,22
LTE,724,5,40419,48656903,-22.9899,-47.1094,1000,3
LTE,724,5,40419,48672001,-22.9598,-47.1238,1489,50
LTE,724,5,40419,48772895,-22.9202,-47.1466,1000,1
LTE,724,5,40437,94745116,-20.8196,-44.8,1000,1
LTE,724,5,40475,192017924,-12.2028,-38.9597,1000,16
LTE,724,5,40485,217638417,-3.7033,-39.5719,1000,1
LTE,724,5,40485,217648384,-3.7589,-38.592,1137,9
LTE,724,5,40519,48749858,-22.8195,-47.3806,1000,1
LTE,724,5,40554,138291722,-28.0573,-52.6795,1000,5
LTE,724,5,40612,30773278,-23.0573,-45.6159,1000,1
LTE,724,5,40679,202286365,-10.9466,-37.0627,1000,1
LTE,724,5,40767,172058370,-20.4698,-54.5782,1000,1
LTE,724,5,40915,38540673,-23.4463,-47.4282,1000,1
LTE,724,5,40919,48896542,-23.0293,-47.4277,4563,12
LTE,724,5,40941,105026053,-25.8539,-48.9636,1000,4
LTE,724,5,40971,181779976,-12.9442,-38.4703,1000,1
LTE,724,5,41041,105143070,-25.846,-49.065,1000,1
LTE,724,5,41149,125495326,-27.1081,-52.616,1000,8
LTE,724,5,41431,79389468,-19.8023,-44.1,1000,1
LTE,724,5,41431,79604234,-19.9728,-44.1959,1000,1
LTE,724,5,41447,120344605,-26.8943,-48.6785,1000,1
LTE,724,5,41447,120345373,-26.9003,-48.6726,1000,1
LTE,724,5,41822,56384799,-21.8138,-41.3973,1000,1
LTE,724,5,41862,158748685,-15.7718,-48.7654,1000,1
LTE,724,5,41951,130691087,-29.3061,-49.7734,1000,1
LTE,724,5,42061,156231965,-15.7956,-48.0656,1000,7
LTE,724,5,42062,159346189,-16.4022,-48.9604,1000,1
LTE,724,5,42092,235534353,-3.1343,-60.0172,1000,1
LTE,724,5,42092,235564294,-3.0913,-60.0126,1000,3
LTE,724,5,42092,235564319,-3.0917,-60.0164,1000,14
LTE,724,5,42511,29133827,-23.5329,-46.1951,1000,1
LTE,724,5,42531,97296901,-19.1678,-44.516,1840,3
LTE,724,5,42662,159318272,-16.8276,-49.2396,1000,1
LTE,724,5,42691,233278210,-1.065,-46.7653,1000,3
LTE,724,5,42911,29296385,-23.4707,-47.1322,1000,17
LTE,724,5,42921,53862913,-22.9622,-43.6061,1102,29
LTE,724,5,42921,54358557,-22.9445,-43.5976,1000,21
LTE,724,5,42924,61450498,-22.4815,-44.5438,1557,34
LTE,724,5,43321,54016783,-22.7919,-43.0182,1000,1
LTE,724,5,44111,28861469,-23.4527,-46.4062,1000,1
LTE,724,5,44111,29151491,-23.4067,-46.488,1000,1
LTE,724,5,44181,207407873,-8.0527,-34.8961,1000,10
LTE,724,5,44311,29582867,-23.5189,-46.6335,1000,1
LTE,724,5,44318,46096391,-22.1886,-51.3585,1000,6
LTE,724,5,44318,46110241,-22.1053,-51.4623,2131,33
LTE,724,5,44318,46130435,-22.1484,-51.3967,2720,30
LTE,724,5,44421,54227230,-22.9701,-43.3601,1000,9
LTE,724,5,44921,53805827,-22.9298,-43.6444,2455,26
LTE,724,5,44921,53805855,-22.927,-43.6352,1000,13
LTE,724,5,44921,54481935,-22.916,-43.6025,1000,12
LTE,724,5,44921,54525725,-22.8992,-43.5478,1000,8
LTE,724,5,44921,55154315,-22.8952,-43.5616,1000,8
LTE,724,5,45213,33297950,-24.0361,-46.514,1000,1
LTE,724,5,45313,33285891,-23.9447,-46.3242,1000,1
LTE,724,5,45313,33310493,-23.9695,-46.3066,1000,1
LTE,724,5,45313,33406238,-23.9508,-46.3236,1000,1
LTE,724,5,45811,28171534,-23.4946,-46.8322,1000,1
LTE,724,5,45811,29052685,-23.4935,-46.8117,1000,1
LTE,724,5,45811,29660716,-23.51,-46.8993,1000,1
LTE,724,5,46211,28430346,-23.5236,-46.7558,1000,1
LTE,724,5,46211,28440834,-23.5081,-46.7004,1156,19
LTE,724,5,46311,29210242,-23.1777,-46.9903,1000,1
LTE,724,5,46311,29264642,-23.0079,-46.8161,1000,1
LTE,724,5,47511,29135625,-23.6927,-46.8607,1000,1
LTE,724,5,47711,29184269,-23.532,-46.5296,1000,1
LTE,724,5,48721,54262798,-22.8757,-43.2084,1000,7
LTE,724,5,48721,54849794,-22.9149,-43.2511,1000,1
LTE,724,5,49534,87108622,-19.0154,-48.2079,1000,2
LTE,724,5,49841,105085478,-25.7732,-49.122,1000,1
LTE,724,5,49941,105174557,-25.3539,-49.2817,1000,1
LTE,724,5,50116,230613014,-21.9699,-47.9743,1000,1
LTE,724,5,50541,128564226,-25.5706,-49.1132,1000,1
LTE,724,5,50714,230419478,-23.098,-48.3922,1000,1
LTE,724,5,60121,54164750,-22.9044,-42.8066,1000,12
LTE,724,5,60121,54735901,-22.9145,-42.9319,1000,2
LTE,724,5,60416,40961550,-20.0861,-47.7892,1000,1
LTE,724,5,62262,158828552,-15.4914,-49.4901,1000,1
LTE,724,5,64938,97309449,-16.9849,-43.8533,3356,2
LTE,724,5,64947,120365612,-27.0904,-49.4712,1000,1
NR,724,5,7150271,118052453,-12.9344,-38.3751,1000,1
UMTS,724,5,1296,104965892,-25.4715,-49.6693,1000,1
UMTS,724,5,7792,120456970,-26.2084,-48.5461,1000,1
UMTS,724,5,30034,8812386,-18.6426,-48.1698,1000,1
UMTS,724,5,30035,8879234,-22.8616,-46.3344,1562,21
UMTS,724,5,30214,20609048,-22.069,-48.433,1000,11
UMTS,724,5,30214,20638957,-22.2278,-49.6343,3139,49
UMTS,724,5,30245,9563456,-25.1262,-53.8203,1000,1
UMTS,724,5,30248,9730199,-28.7761,-49.3221,1000,1
UMTS,724,5,30316,27293195,-21.4648,-48.6141,4853,41
UMTS,724,5,30316,27326319,-21.8061,-48.1926,16908,50
UMTS,724,5,30317,27363166,-21.3022,-48.8316,3558,6
UMTS,724,5,30334,8812386,-18.6409,-48.173,1000,1
UMTS,724,5,30335,8882262,-20.7456,-46.7544,1000,1
UMTS,724,5,30612,20478000,-22.5584,-44.8509,1000,1
UMTS,724,5,30946,9563899,-25.7227,-53.7538,1251,29
UMTS,724,5,31861,30272988,-15.7324,-47.9022,888,44
UMTS,724,5,32531,203782155,-19.2813,-44.3993,1000,1
UMTS,724,5,33321,184907302,-22.7501,-42.817,1000,10
UMTS,724,5,33321,184907324,-22.7324,-42.8129,1000,1
UMTS,724,5,34621,145617363,-22.8684,-43.4154,5850,27
UMTS,724,5,34921,250474815,-22.9095,-43.5642,1468,26
UMTS,724,5,35021,211155626,-22.8997,-43.306,1000,17
UMTS,724,5,35721,243919598,-23.0142,-43.4453,1322,20
UMTS,724,5,35721,243919633,-23.0202,-43.4861,8994,13
UMTS,724,5,35911,171178628,-23.8898,-46.5674,1000,1
UMTS,724,5,36111,184251902,-23.6157,-46.5807,1000,1
UMTS,724,5,36111,184282722,-23.6206,-46.6192,1000,9
UMTS,724,5,36111,184285365,-23.6024,-46.5932,843,34
UMTS,724,5,36311,197393196,-23.0927,-46.6274,1000,4
UMTS,724,5,54819,40601780,-21.6388,-47.0472,1000,1
GSM,724,6,1854,11522,-28.8047,-51.9098,11962,50
LTE,724,6,10751,179349527,-29.6806,-50.1469,6691,36
LTE,724,6,34711,128900117,-26.9165,-48.7032,1000,1
LTE,724,6,35151,257796711,-29.7104,-51.1342,1000,1
LTE,724,6,35570,179593780,-30.014,-56.36,7017,23
LTE,724,6,36211,256335893,-15.918,-48.7943,2460,44
LTE,724,6,50145,128046082,-25.5368,-54.546,1000,1
LTE,724,6,50341,128535318,-25.4064,-49.2857,1000,6
LTE,724,6,50341,128539915,-25.4127,-49.3182,1000,7
LTE,724,6,50341,128544259,-25.4339,-49.3244,1076,21
LTE,724,6,50351,179266612,-30.014,-51.1922,1000,1
LTE,724,6,50441,129047785,-25.4539,-49.2565,1000,1
LTE,724,6,50447,128925442,-26.7213,-49.1785,1071,21
LTE,724,6,50647,128857613,-27.1341,-49.5425,1885,50
LTE,724,6,51141,128584460,-25.4524,-49.5489,1000,1
LTE,724,6,51247,128949270,-26.332,-48.8284,500,46
LTE,724,6,54161,25662229,-15.8269,-47.9513,1000,15
LTE,724,6,54262,30746370,-15.8579,-48.9606,1513,32
LTE,724,6,54262,30754315,-15.5054,-49.6403,1000,1
LTE,724,6,54262,30823949,-16.0124,-49.8013,1000,1
LTE,724,6,54361,25707030,-15.8109,-47.9468,1000,23
LTE,724,6,54362,30900245,-16.3635,-48.9401,1000,1
LTE,724,6,54461,25617235,-16.049,-48.0118,1000,1
LTE,724,6,54561,25648642,-15.7991,-47.9005,843,29
LTE,724,6,54561,25649175,-15.7881,-47.8732,1082,10
LTE,724,6,54561,25674241,-15.8039,-47.8889,2597,12
LTE,724,6,54661,25684493,-15.6703,-47.8541,1000,7
LTE,724,6,54662,30825485,-16.6589,-49.36,1000,1
LTE,724,6,54762,30723350,-16.6078,-49.2536,1000,1
LTE,724,6,55261,25640205,-15.7784,-47.9033,1000,11
NR,724,6,51247,128790028,-26.34,-48.8534,1000,24
NR,724,6,51247,128898837,-26.3288,-48.7983,1000,3
UMTS,724,6,40145,2950521,-25.5353,-54.5739,2775,27
GSM,724,10,0,22,-21.0371,-49.6906,1000,8
GSM,724,10,1519,5523,-22.3183,-47.6592,1000,24
LTE,724,10,31111,205861981,-23.5158,-46.1882,1000,1
LTE,724,10,31111,258051076,-23.5166,-46.1794,1000,18
LTE,724,10,31121,207592204,-23.011,-46.7652,1000,1
LTE,724,10,31121,258075669,-22.9689,-46.5102,1000,1
LTE,724,10,31601,258336307,-21.9896,-47.8904,1000,1
LTE,724,10,31605,231061782,-21.7878,-48.1682,1000,12
LTE,724,10,31605,231229707,-21.8145,-48.1841,1446,37
LTE,724,10,31702,258383125,-20.4662,-48.6163,1000,1
LTE,724,10,31702,258383207,-20.5146,-48.602,1000,1
LTE,724,10,31717,258339431,-20.8252,-49.3861,1000,14
LTE,724,10,31931,258376937,-22.4298,-47.5788,1000,1
LTE,724,10,31931,258377475,-22.4154,-47.5606,1000,1
LTE,724,10,31933,231062887,-22.5549,-47.3977,1000,1
LTE,724,10,50112,230568471,-23.1858,-45.893,6942,27
LTE,724,10,50112,230588361,-23.2064,-45.8858,588,27
LTE,724,10,50112,230598412,-23.2936,-45.8782,21362,26
LTE,724,10,50112,230600707,-23.197,-45.8855,936,27
LTE,724,10,50112,231122946,-23.3065,-46.0449,1000,21
LTE,724,10,50112,231126531,-23.1868,-45.8546,1550,25
LTE,724,10,50112,231138315,-23.3392,-46.0144,1722,21
LTE,724,10,50112,231140117,-23.2308,-45.9113,1000,3
LTE,724,10,50114,230406145,-22.3191,-49.0569,3463,50
LTE,724,10,50114,230433559,-22.3494,-49.2688,2016,50
LTE,724,10,50116,230603031,-21.9041,-48.0436,18323,17
LTE,724,10,50116,230606594,-21.9971,-48.3815,1000,21
LTE,724,10,50116,230611735,-21.7491,-48.5522,19640,33
LTE,724,10,50118,230785845,-22.2155,-51.4384,2572,34
LTE,724,10,50211,205629709,-23.5612,-46.7058,1000,5
LTE,724,10,50211,205657867,-23.5631,-46.7045,1000,16
LTE,724,10,50215,230804227,-23.6553,-47.2218,8893,50
LTE,724,10,50215,230862359,-23.7152,-47.3716,1807,50
LTE,724,10,50215,231090691,-23.6928,-47.3447,850,35
LTE,724,10,50216,230630156,-21.1241,-48.4463,1000,1
LTE,724,10,50217,230769666,-20.8119,-49.4864,1000,2
LTE,724,10,50217,231073292,-21.2421,-48.8969,3960,24
LTE,724,10,50218,230665523,-21.4551,-50.1223,1861,21
LTE,724,10,50218,230677781,-21.4572,-50.092,2052,30
LTE,724,10,50218,230679348,-21.8179,-50.7545,1000,6
LTE,724,10,50311,207424002,-23.554,-46.6527,1000,4
LTE,724,10,50316,232455437,-20.3891,-47.8163,1000,18
LTE,724,10,50316,232473139,-20.3252,-47.8039,1567,28
LTE,724,10,50318,230482229,-22.5206,-50.8617,1603,39
LTE,724,10,50318,230887221,-22.3515,-50.6394,4007,21
LTE,724,10,50318,231091251,-22.3345,-50.6874,16872,33
LTE,724,10,50319,230500355,-22.4826,-47.4658,1000,16
LTE,724,10,50319,230535004,-22.7693,-47.1473,1000,1
LTE,724,10,50319,231160599,-22.7223,-47.2917,3687,20
LTE,724,10,50319,231160629,-22.7165,-47.2956,1000,4
LTE,724,10,50411,205391361,-23.5182,-46.5563,1000,4
LTE,724,10,50414,230437653,-22.8646,-49.5987,2009,51
LTE,724,10,50416,230623755,-21.1692,-47.755,1094,9
LTE,724,10,50419,230507571,-21.9073,-47.4765,1965,46
LTE,724,10,50511,205060885,-23.734,-46.6033,1124,41
LTE,724,10,50511,207619339,-23.6754,-46.6135,1000,1
LTE,724,10,50513,206122037,-23.9512,-46.3193,1000,12
LTE,724,10,50514,230421013,-22.2105,-48.5168,2640,50
LTE,724,10,50514,230421782,-22.6502,-48.7211,4207,21
LTE,724,10,50514,230942731,-22.2581,-48.5517,1000,7
LTE,724,10,50515,230455299,-23.1101,-48.3648,3115,2
LTE,724,10,50515,230458163,-23.0736,-48.256,16798,46
LTE,724,10,50515,231057922,-23.1349,-47.7175,1000,1
LTE,724,10,50519,230531891,-23.0333,-47.0712,1002,13
LTE,724,10,50519,231006979,-23.0539,-47.1491,1000,1
LTE,724,10,50519,231260428,-23.0864,-46.9712,1000,1
LTE,724,10,50611,207433494,-23.1683,-46.9974,1871,2
LTE,724,10,50613,206114355,-23.9656,-46.3744,1000,2
LTE,724,10,50613,206121750,-23.9697,-46.3646,1000,1
LTE,724,10,50613,206131765,-23.9668,-46.4063,1000,7
LTE,724,10,50614,230424087,-22.1698,-49.9853,2195,21
LTE,724,10,50711,207440200,-23.6589,-46.7163,1000,3
LTE,724,10,50711,207505675,-23.6445,-46.727,1000,13
LTE,724,10,50714,230433301,-23.137,-48.447,1000,19
LTE,724,10,50811,204869388,-23.6522,-46.8478,1000,24
LTE,724,10,50811,205188887,-23.6313,-46.8313,1005,18
LTE,724,10,50811,205231894,-23.6094,-46.816,1000,9
LTE,724,10,51011,204803093,-23.6201,-46.6024,1000,1
LTE,724,10,51011,205134348,-23.5945,-46.591,1000,12
LTE,724,10,51111,204900108,-23.4383,-46.2619,5215,25
LTE,724,10,51211,205099266,-23.5797,-46.7885,7941,26
LTE,724,10,51211,205232387,-23.4658,-46.779,1000,4
LTE,724,10,51211,207606283,-23.5048,-46.862,1000,6
LTE,724,10,51311,204838473,-23.5673,-46.6975,7146,16
LTE,724,10,51411,207376653,-23.4073,-46.8627,1000,1
LTE,724,10,51411,207499285,-23.158,-47.0205,1000,1
LTE,724,10,51511,204861442,-23.542,-46.5811,511,41
LTE,724,10,51511,205162252,-23.5109,-46.5788,1000,1
LTE,724,10,51511,205593879,-23.539,-46.5714,1000,21
LTE,724,10,51511,207517453,-23.5375,-46.6085,1000,1
LTE,724,10,51711,205012501,-23.6028,-46.5172,1000,3
LTE,724,10,52911,204897027,-23.7855,-46.5975,652,50
LTE,724,10,56814,230707221,-22.3018,-49.4994,4797,26
LTE,724,10,59711,205062147,-23.5815,-46.7226,1000,20
LTE,724,10,59811,205290252,-23.5203,-46.6258,1000,17
LTE,724,10,59811,216203180,-23.5183,-46.6435,1000,1
LTE,724,10,59911,205559042,-23.4717,-46.5664,1000,1
LTE,724,10,59911,207616535,-23.4397,-46.4988,1000,1
LTE,724,10,60216,230897941,-21.4614,-48.6194,2736,49
UMTS,724,10,23344,204810547,-23.2412,-46.8684,1000,1
UMTS,724,10,24976,206114071,-24.2639,-46.9605,1000,1
UMTS,724,10,24976,206128406,-24.5025,-47.8594,1000,1
UMTS,724,10,40713,33681304,-24.2659,-46.9649,1000,1
UMTS,724,10,40713,33683249,-24.2788,-46.9848,1000,1
UMTS,724,10,40811,40075132,-23.6393,-46.8873,1000,1
UMTS,724,10,41111,26980100,-23.5331,-46.2247,1000,2
GSM,724,11,5027,14213,-20.544,-40.4818,6704,45
GSM,724,11,5027,14232,-20.6581,-40.6257,8757,28
LTE,724,11,32797,259075586,-19.3664,-40.0509,856,39
LTE,724,11,50179,496653,-10.9105,-37.0667,1000,1
LTE,724,11,50182,107546165,-9.5612,-35.7735,1000,1
LTE,724,11,50521,153644596,-22.9716,-43.2174,1000,3
LTE,724,11,50981,105005058,-8.0434,-34.8837,1000,3
LTE,724,11,51021,153813791,-22.9101,-43.2072,1000,7
LTE,724,11,51021,153844226,-22.9041,-43.2007,7119,50
LTE,724,11,51021,153844257,-22.9094,-43.2046,1000,7
LTE,724,11,51121,153678083,-22.96,-43.2759,1000,6
LTE,724,11,51621,153669643,-22.8985,-43.5543,1000,2
LTE,724,11,52521,153733133,-22.758,-43.2896,1000,1
LTE,724,11,52592,82832407,-3.037,-59.9838,1000,3
LTE,724,11,53085,115328011,-3.7268,-38.4937,1000,19
LTE,724,11,53085,116265741,-3.7358,-38.4849,1000,4
LTE,724,11,53085,116337421,-3.7243,-38.5277,1000,1
LTE,724,11,53085,116338956,-3.8335,-38.5103,1000,9
LTE,724,11,53192,82282803,-3.1083,-60.0417,1000,4
LTE,724,11,53192,82306613,-3.1058,-60.0473,655,37
LTE,724,11,53192,82318643,-3.1035,-60.0128,1000,13
LTE,724,11,53192,82320948,-3.1147,-60.0478,1000,1
LTE,724,11,53192,82336781,-3.1509,-60.0887,5067,18
LTE,724,11,53292,82318849,-3.0738,-60.0367,1000,3
LTE,724,11,53292,82419971,-3.0866,-60.0122,1000,6
LTE,724,11,53392,82820887,-2.966,-60.0292,4928,3
LTE,724,11,53421,153732354,-22.9076,-43.1043,2278,50
LTE,724,11,53492,82236724,-3.0628,-59.8692,1000,1
LTE,724,11,53592,82267917,-2.058,-60.0208,3663,23
LTE,724,11,53792,82429197,-3.1282,-60.0214,1000,3
LTE,724,11,53892,82309378,-3.086,-60.0645,1000,13
LTE,724,11,53892,82315009,-3.0518,-60.0788,1000,14
LTE,724,11,53892,82383639,-3.0769,-60.079,1000,1
LTE,724,11,54924,169190678,-22.6596,-43.8883,1000,1
LTE,724,11,54924,169190913,-22.588,-44.0976,1000,1
LTE,724,11,56221,153607683,-23.009,-43.4457,4850,47
LTE,724,11,56221,156347394,-23.0157,-43.5193,1522,17
LTE,724,11,57122,166532620,-22.7745,-41.9266,1000,13
LTE,724,11,59627,171856139,-19.397,-40.0638,1000,5
LTE,724,11,64594,87615028,-6.4342,-50.0209,2065,10
UMTS,724,11,40427,34561673,-20.4113,-40.4582,1459,48
UMTS,724,11,41027,1789543,-20.3114,-40.3065,1060,50
GSM,724,23,22234,46344,-19.8606,-47.8581,10697,5
LTE,724,23,33421,256738818,-18.5191,-49.4975,1000,1
LTE,724,23,51137,69361431,-19.2237,-45.0155,1000,1
LTE,724,23,53134,62748428,-18.9739,-48.3491,1000,1
LTE,724,23,55931,55302424,-19.9723,-43.9455,1000,12
LTE,724,23,57338,72266518,-16.6846,-43.8628,1000,1
UMTS,724,23,57335,65502742,-22.4244,-44.8586,1000,9
UMTS,724,34,15734,741678,-20.2177,-47.5152,1000,1
LTE,724,99,31717,258345239,-20.8814,-49.4235,1509,15
LTE,724,99,31802,258354689,-21.215,-50.4455,556,32
