"benchmark_id","dataset_n","repeticao","tempo_parede_total_ms","compilador","sistema","processador","data_utc","dataset","limite","estrutura","vertices","arestas","registros_invalidos","euler","possui_cruzamentos","quantidade_cruzamentos","status_cruzamentos","memoria_comum_bytes","memoria_lista_total_bytes","memoria_matriz_total_bytes","status_memoria","leitura_cpu_ms","construcao_cpu_ms","euler_cpu_ms","cruzamentos_cpu_ms","total_cpu_ms","status_analise"
"fff695ca676843f3b9a88cf5255516bc","100","1","1024.678","gcc.exe (MinGW.org GCC-6.3.0-1) 6.3.0","Microsoft Windows NT 10.0.26200.0","Intel64 Family 6 Model 151 Stepping 2, GenuineIntel","2026-10-02T01:38:48Z","data/subconjuntos/opencellid_n100.csv","0","lista","100","2","0","inconclusivo","0","0","calculado","7216","7760","0","estimada_modelo_alocacoes","1.000","0.000","0.000","0.000","1.000","parcial"
"fff695ca676843f3b9a88cf5255516bc","100","2","1015.507","gcc.exe (MinGW.org GCC-6.3.0-1) 6.3.0","Microsoft Windows NT 10.0.26200.0","Intel64 Family 6 Model 151 Stepping 2, GenuineIntel","2026-10-02T01:38:49Z","data/subconjuntos/opencellid_n100.csv","0","lista","100","2","0","inconclusivo","0","0","calculado","7216","7760","0","estimada_modelo_alocacoes","0.000","1.000","0.000","0.000","1.000","parcial"
"fff695ca676843f3b9a88cf5255516bc","100","3","1025.740","gcc.exe (MinGW.org GCC-6.3.0-1) 6.3.0","Microsoft Windows NT 10.0.26200.0","Intel64 Family 6 Model 151 Stepping 2, GenuineIntel","2026-10-02T01:38:50Z","data/subconjuntos/opencellid_n100.csv","0","lista","100","2","0","inconclusivo","0","0","calculado","7216","7760","0","estimada_modelo_alocacoes","0.000","0.000","0.000","0.000","0.000","parcial"
"fff695ca676843f3b9a88cf5255516bc","100","4","1027.279","gcc.exe (MinGW.org GCC-6.3.0-1) 6.3.0","Microsoft Windows NT 10.0.26200.0","Intel64 Family 6 Model 151 Stepping 2, GenuineIntel","2026-10-02T01:38:51Z","data/subconjuntos/opencellid_n100.csv","0","lista","100","2","0","inconclusivo","0","0","calculado","7216","7760","0","estimada_modelo_alocacoes","0.000","0.000","0.000","0.000","0.000","parcial"
"fff695ca676843f3b9a88cf5255516bc","100","5","1025.834","gcc.exe (MinGW.org GCC-6.3.0-1) 6.3.0","Microsoft Windows NT 10.0.26200.0","Intel64 Family 6 Model 151 Stepping 2, GenuineIntel","2026-10-02T01:38:52Z","data/subconjuntos/opencellid_n100.csv","0","lista","100","2","0","inconclusivo","0","0","calculado","7216","7760","0","estimada_modelo_alocacoes","0.000","0.000","0.000","0.000","0.000","parcial"
"fff695ca676843f3b9a88cf5255516bc","500","1","1021.442","gcc.exe (MinGW.org GCC-6.3.0-1) 6.3.0","Microsoft Windows NT 10.0.26200.0","Intel64 Family 6 Model 151 Stepping 2, GenuineIntel","2026-10-02T01:38:53Z","data/subconjuntos/opencellid_n500.csv","0","lista","500","48","0","inconclusivo","0","0","calculado","25648","28464","0","estimada_modelo_alocacoes","1.000","0.000","0.000","0.000","1.000","parcial"
"fff695ca676843f3b9a88cf5255516bc","500","2","1015.212","gcc.exe (MinGW.org GCC-6.3.0-1) 6.3.0","Microsoft Windows NT 10.0.26200.0","Intel64 Family 6 Model 151 Stepping 2, GenuineIntel","2026-10-02T01:38:54Z","data/subconjuntos/opencellid_n500.csv","0","lista","500","48","0","inconclusivo","0","0","calculado","25648","28464","0","estimada_modelo_alocacoes","1.000","0.000","0.000","0.000","1.000","parcial"
"fff695ca676843f3b9a88cf5255516bc","500","3","1013.013","gcc.exe (MinGW.org GCC-6.3.0-1) 6.3.0","Microsoft Windows NT 10.0.26200.0","Intel64 Family 6 Model 151 Stepping 2, GenuineIntel","2026-10-02T01:38:55Z","data/subconjuntos/opencellid_n500.csv","0","lista","500","48","0","inconclusivo","0","0","calculado","25648","28464","0","estimada_modelo_alocacoes","1.000","0.000","0.000","0.000","1.000","parcial"
"fff695ca676843f3b9a88cf5255516bc","500","4","1029.872","gcc.exe (MinGW.org GCC-6.3.0-1) 6.3.0","Microsoft Windows NT 10.0.26200.0","Intel64 Family 6 Model 151 Stepping 2, GenuineIntel","2026-10-02T01:38:56Z","data/subconjuntos/opencellid_n500.csv","0","lista","500","48","0","inconclusivo","0","0","calculado","25648","28464","0","estimada_modelo_alocacoes","1.000","0.000","0.000","0.000","1.000","parcial"
"fff695ca676843f3b9a88cf5255516bc","500","5","1029.487","gcc.exe (MinGW.org GCC-6.3.0-1) 6.3.0","Microsoft Windows NT 10.0.26200.0","Intel64 Family 6 Model 151 Stepping 2, GenuineIntel","2026-10-02T01:38:57Z","data/subconjuntos/opencellid_n500.csv","0","lista","500","48","0","inconclusivo","0","0","calculado","25648","28464","0","estimada_modelo_alocacoes","0.000","1.000","0.000","0.000","1.000","parcial"
"fff695ca676843f3b9a88cf5255516bc","1000","1","1027.455","gcc.exe (MinGW.org GCC-6.3.0-1) 6.3.0","Microsoft Windows NT 10.0.26200.0","Intel64 Family 6 Model 151 Stepping 2, GenuineIntel","2026-10-02T01:38:58Z","data/subconjuntos/opencellid_n1000.csv","0","lista","1000","186","0","inconclusivo","1","7","calculado","51248","58320","0","estimada_modelo_alocacoes","2.000","1.000","0.000","1.000","4.000","parcial"
"fff695ca676843f3b9a88cf5255516bc","1000","2","1022.317","gcc.exe (MinGW.org GCC-6.3.0-1) 6.3.0","Microsoft Windows NT 10.0.26200.0","Intel64 Family 6 Model 151 Stepping 2, GenuineIntel","2026-10-02T01:38:59Z","data/subconjuntos/opencellid_n1000.csv","0","lista","1000","186","0","inconclusivo","1","7","calculado","51248","58320","0","estimada_modelo_alocacoes","3.000","1.000","0.000","1.000","5.000","parcial"
"fff695ca676843f3b9a88cf5255516bc","1000","3","1026.617","gcc.exe (MinGW.org GCC-6.3.0-1) 6.3.0","Microsoft Windows NT 10.0.26200.0","Intel64 Family 6 Model 151 Stepping 2, GenuineIntel","2026-10-02T01:39:00Z","data/subconjuntos/opencellid_n1000.csv","0","lista","1000","186","0","inconclusivo","1","7","calculado","51248","58320","0","estimada_modelo_alocacoes","6.000","3.000","0.000","3.000","12.000","parcial"
"fff695ca676843f3b9a88cf5255516bc","1000","4","1025.545","gcc.exe (MinGW.org GCC-6.3.0-1) 6.3.0","Microsoft Windows NT 10.0.26200.0","Intel64 Family 6 Model 151 Stepping 2, GenuineIntel","2026-10-02T01:39:01Z","data/subconjuntos/opencellid_n1000.csv","0","lista","1000","186","0","inconclusivo","1","7","calculado","51248","58320","0","estimada_modelo_alocacoes","2.000","2.000","0.000","0.000","4.000","parcial"
"fff695ca676843f3b9a88cf5255516bc","1000","5","1010.986","gcc.exe (MinGW.org GCC-6.3.0-1) 6.3.0","Microsoft Windows NT 10.0.26200.0","Intel64 Family 6 Model 151 Stepping 2, GenuineIntel","2026-10-02T01:39:03Z","data/subconjuntos/opencellid_n1000.csv","0","lista","1000","186","0","inconclusivo","1","7","calculado","51248","58320","0","estimada_modelo_alocacoes","1.000","1.000","0.000","2.000","4.000","parcial"
"fff695ca676843f3b9a88cf5255516bc","5000","1","1029.423","gcc.exe (MinGW.org GCC-6.3.0-1) 6.3.0","Microsoft Windows NT 10.0.26200.0","Intel64 Family 6 Model 151 Stepping 2, GenuineIntel","2026-10-02T01:39:04Z","data/subconjuntos/opencellid_n5000.csv","0","lista","5000","1897","0","inconclusivo","1","225","calculado","409648","472768","0","estimada_modelo_alocacoes","13.000","30.000","0.000","111.000","154.000","parcial"
"fff695ca676843f3b9a88cf5255516bc","5000","2","1023.592","gcc.exe (MinGW.org GCC-6.3.0-1) 6.3.0","Microsoft Windows NT 10.0.26200.0","Intel64 Family 6 Model 151 Stepping 2, GenuineIntel","2026-10-02T01:39:05Z","data/subconjuntos/opencellid_n5000.csv","0","lista","5000","1897","0","inconclusivo","1","225","calculado","409648","472768","0","estimada_modelo_alocacoes","12.000","30.000","0.000","119.000","161.000","parcial"
"fff695ca676843f3b9a88cf5255516bc","5000","3","1028.914","gcc.exe (MinGW.org GCC-6.3.0-1) 6.3.0","Microsoft Windows NT 10.0.26200.0","Intel64 Family 6 Model 151 Stepping 2, GenuineIntel","2026-10-02T01:39:06Z","data/subconjuntos/opencellid_n5000.csv","0","lista","5000","1897","0","inconclusivo","1","225","calculado","409648","472768","0","estimada_modelo_alocacoes","9.000","31.000","0.000","112.000","153.000","parcial"
"fff695ca676843f3b9a88cf5255516bc","5000","4","1023.343","gcc.exe (MinGW.org GCC-6.3.0-1) 6.3.0","Microsoft Windows NT 10.0.26200.0","Intel64 Family 6 Model 151 Stepping 2, GenuineIntel","2026-10-02T01:39:07Z","data/subconjuntos/opencellid_n5000.csv","0","lista","5000","1897","0","inconclusivo","1","225","calculado","409648","472768","0","estimada_modelo_alocacoes","10.000","30.000","0.000","113.000","153.000","parcial"
"fff695ca676843f3b9a88cf5255516bc","5000","5","1021.583","gcc.exe (MinGW.org GCC-6.3.0-1) 6.3.0","Microsoft Windows NT 10.0.26200.0","Intel64 Family 6 Model 151 Stepping 2, GenuineIntel","2026-10-02T01:39:08Z","data/subconjuntos/opencellid_n5000.csv","0","lista","5000","1897","0","inconclusivo","1","225","calculado","409648","472768","0","estimada_modelo_alocacoes","10.000","31.000","0.000","113.000","154.000","parcial"
